-- Data Referensi (VENUE, EVENT, CUSTOMER, SEAT)
INSERT INTO VENUE (venue_id, venue_name, capacity) VALUES 
('11111111-1111-1111-1111-111111111111', 'Gelora Bung Karno', 50000),
('22222222-2222-2222-2222-222222222222', 'JIExpo Kemayoran', 10000);

INSERT INTO EVENT (event_id, event_name, venue_id) VALUES 
('33333333-3333-3333-3333-333333333333', 'Coldplay Music of the Spheres', '11111111-1111-1111-1111-111111111111'),
('44444444-4444-4444-4444-444444444444', 'Java Jazz Festival 2026', '22222222-2222-2222-2222-222222222222');

INSERT INTO CUSTOMER (customer_id, customer_name, email) VALUES 
('55555555-5555-5555-5555-555555555551', 'Budi Santoso', 'budi@example.com'),
('55555555-5555-5555-5555-555555555552', 'Siti Aminah', 'siti@example.com'),
('55555555-5555-5555-5555-555555555553', 'Andi Wijaya', 'andi@example.com');

INSERT INTO SEAT (seat_id, seat_number, venue_id) VALUES 
('66666666-6666-6666-6666-666666666601', 'A1', '11111111-1111-1111-1111-111111111111'),
('66666666-6666-6666-6666-666666666602', 'A2', '11111111-1111-1111-1111-111111111111'),
('66666666-6666-6666-6666-666666666603', 'A3', '11111111-1111-1111-1111-111111111111'),
('66666666-6666-6666-6666-666666666604', 'B1', '11111111-1111-1111-1111-111111111111'),
('66666666-6666-6666-6666-666666666605', 'B2', '11111111-1111-1111-1111-111111111111'),
('66666666-6666-6666-6666-666666666606', 'J1', '22222222-2222-2222-2222-222222222222'),
('66666666-6666-6666-6666-666666666607', 'J2', '22222222-2222-2222-2222-222222222222'),
('66666666-6666-6666-6666-666666666608', 'J3', '22222222-2222-2222-2222-222222222222'),
('66666666-6666-6666-6666-666666666609', 'J4', '22222222-2222-2222-2222-222222222222'),
('66666666-6666-6666-6666-666666666610', 'J5', '22222222-2222-2222-2222-222222222222');

--TICKET_CATEGORY
INSERT INTO TICKET_CATEGORY (category_id, category_name, quota, price, event_id) VALUES 
('77777777-7777-7777-7777-777777777701', 'CAT 1 - Festival', 5000, 3000000.00, '33333333-3333-3333-3333-333333333333'),
('77777777-7777-7777-7777-777777777702', 'CAT 2 - Tribune A', 2000, 2500000.00, '33333333-3333-3333-3333-333333333333'),
('77777777-7777-7777-7777-777777777703', 'CAT 3 - Tribune B', 2000, 2000000.00, '33333333-3333-3333-3333-333333333333'),
('77777777-7777-7777-7777-777777777704', 'VIP', 500, 5000000.00, '33333333-3333-3333-3333-333333333333'),
('77777777-7777-7777-7777-777777777705', 'VVIP', 100, 10000000.00, '33333333-3333-3333-3333-333333333333'),
('77777777-7777-7777-7777-777777777706', 'Early Bird CAT 1', 1000, 2500000.00, '33333333-3333-3333-3333-333333333333'),
('77777777-7777-7777-7777-777777777707', 'Early Bird VIP', 100, 4000000.00, '33333333-3333-3333-3333-333333333333'),
('77777777-7777-7777-7777-777777777708', 'Daily Pass - Friday', 3000, 800000.00, '44444444-4444-4444-4444-444444444444'),
('77777777-7777-7777-7777-777777777709', 'Daily Pass - Saturday', 4000, 900000.00, '44444444-4444-4444-4444-444444444444'),
('77777777-7777-7777-7777-777777777710', 'Daily Pass - Sunday', 3000, 800000.00, '44444444-4444-4444-4444-444444444444'),
('77777777-7777-7777-7777-777777777711', '3-Days Pass', 1000, 2000000.00, '44444444-4444-4444-4444-444444444444'),
('77777777-7777-7777-7777-777777777712', 'Special Show - Artist A', 500, 300000.00, '44444444-4444-4444-4444-444444444444'),
('77777777-7777-7777-7777-777777777713', 'Special Show - Artist B', 500, 400000.00, '44444444-4444-4444-4444-444444444444'),
('77777777-7777-7777-7777-777777777714', 'Student Pass (Sat-Sun)', 500, 1000000.00, '44444444-4444-4444-4444-444444444444');

--ORDER
INSERT INTO "ORDER" (order_id, order_date, payment_status, total_amount, customer_id) VALUES 
('88888888-8888-8888-8888-888888888801', '2026-04-01 10:00:00', 'Paid', 6000000.00, '55555555-5555-5555-5555-555555555551'),
('88888888-8888-8888-8888-888888888802', '2026-04-02 11:30:00', 'Pending', 5000000.00, '55555555-5555-5555-5555-555555555552'),
('88888888-8888-8888-8888-888888888803', '2026-04-03 09:15:00', 'Paid', 10000000.00, '55555555-5555-5555-5555-555555555553'),
('88888888-8888-8888-8888-888888888804', '2026-04-04 14:20:00', 'Cancelled', 2500000.00, '55555555-5555-5555-5555-555555555551'),
('88888888-8888-8888-8888-888888888805', '2026-04-05 16:45:00', 'Paid', 2000000.00, '55555555-5555-5555-5555-555555555552'),
('88888888-8888-8888-8888-888888888806', '2026-04-06 08:05:00', 'Paid', 4000000.00, '55555555-5555-5555-5555-555555555553'),
('88888888-8888-8888-8888-888888888807', '2026-04-07 12:10:00', 'Pending', 800000.00, '55555555-5555-5555-5555-555555555551'),
('88888888-8888-8888-8888-888888888808', '2026-04-08 13:50:00', 'Paid', 1800000.00, '55555555-5555-5555-5555-555555555552'),
('88888888-8888-8888-8888-888888888809', '2026-04-09 20:30:00', 'Paid', 2400000.00, '55555555-5555-5555-5555-555555555553'),
('88888888-8888-8888-8888-888888888810', '2026-04-10 15:25:00', 'Cancelled', 900000.00, '55555555-5555-5555-5555-555555555551'),
('88888888-8888-8888-8888-888888888811', '2026-04-11 10:40:00', 'Paid', 1000000.00, '55555555-5555-5555-5555-555555555552'),
('88888888-8888-8888-8888-888888888812', '2026-04-12 17:55:00', 'Pending', 600000.00, '55555555-5555-5555-5555-555555555553');

--TICKET 
INSERT INTO TICKET (ticket_id, ticket_code, category_id, order_id) VALUES 
('99999999-9999-9999-9999-999999999901', 'TCK-CP-1001', '77777777-7777-7777-7777-777777777701', '88888888-8888-8888-8888-888888888801'),
('99999999-9999-9999-9999-999999999902', 'TCK-CP-1002', '77777777-7777-7777-7777-777777777701', '88888888-8888-8888-8888-888888888801'),
('99999999-9999-9999-9999-999999999903', 'TCK-CP-1003', '77777777-7777-7777-7777-777777777702', '88888888-8888-8888-8888-888888888802'),
('99999999-9999-9999-9999-999999999904', 'TCK-CP-1004', '77777777-7777-7777-7777-777777777702', '88888888-8888-8888-8888-888888888802'),
('99999999-9999-9999-9999-999999999905', 'TCK-CP-1005', '77777777-7777-7777-7777-777777777704', '88888888-8888-8888-8888-888888888803'),
('99999999-9999-9999-9999-999999999906', 'TCK-CP-1006', '77777777-7777-7777-7777-777777777704', '88888888-8888-8888-8888-888888888803'),
('99999999-9999-9999-9999-999999999907', 'TCK-CP-1007', '77777777-7777-7777-7777-777777777702', '88888888-8888-8888-8888-888888888804'),
('99999999-9999-9999-9999-999999999908', 'TCK-CP-1008', '77777777-7777-7777-7777-777777777703', '88888888-8888-8888-8888-888888888805'),
('99999999-9999-9999-9999-999999999909', 'TCK-CP-1009', '77777777-7777-7777-7777-777777777707', '88888888-8888-8888-8888-888888888806'),
('99999999-9999-9999-9999-999999999910', 'TCK-JV-2001', '77777777-7777-7777-7777-777777777708', '88888888-8888-8888-8888-888888888807'),
('99999999-9999-9999-9999-999999999911', 'TCK-JV-2002', '77777777-7777-7777-7777-777777777709', '88888888-8888-8888-8888-888888888808'),
('99999999-9999-9999-9999-999999999912', 'TCK-JV-2003', '77777777-7777-7777-7777-777777777709', '88888888-8888-8888-8888-888888888808'),
('99999999-9999-9999-9999-999999999913', 'TCK-JV-2004', '77777777-7777-7777-7777-777777777710', '88888888-8888-8888-8888-888888888809'),
('99999999-9999-9999-9999-999999999914', 'TCK-JV-2005', '77777777-7777-7777-7777-777777777710', '88888888-8888-8888-8888-888888888809'),
('99999999-9999-9999-9999-999999999915', 'TCK-JV-2006', '77777777-7777-7777-7777-777777777710', '88888888-8888-8888-8888-888888888809'),
('99999999-9999-9999-9999-999999999916', 'TCK-JV-2007', '77777777-7777-7777-7777-777777777709', '88888888-8888-8888-8888-888888888810'),
('99999999-9999-9999-9999-999999999917', 'TCK-JV-2008', '77777777-7777-7777-7777-777777777714', '88888888-8888-8888-8888-888888888811'),
('99999999-9999-9999-9999-999999999918', 'TCK-JV-2009', '77777777-7777-7777-7777-777777777712', '88888888-8888-8888-8888-888888888812'),
('99999999-9999-9999-9999-999999999919', 'TCK-JV-2010', '77777777-7777-7777-7777-777777777712', '88888888-8888-8888-8888-888888888812'),
('99999999-9999-9999-9999-999999999920', 'TCK-CP-1010', '77777777-7777-7777-7777-777777777701', '88888888-8888-8888-8888-888888888801');

--HAS_RELATIONSHIP
INSERT INTO HAS_RELATIONSHIP (seat_id, ticket_id) VALUES 
('66666666-6666-6666-6666-666666666601', '99999999-9999-9999-9999-999999999901'),
('66666666-6666-6666-6666-666666666602', '99999999-9999-9999-9999-999999999902'),
('66666666-6666-6666-6666-666666666603', '99999999-9999-9999-9999-999999999903'),
('66666666-6666-6666-6666-666666666604', '99999999-9999-9999-9999-999999999904'),
('66666666-6666-6666-6666-666666666605', '99999999-9999-9999-9999-999999999905'),
('66666666-6666-6666-6666-666666666606', '99999999-9999-9999-9999-999999999910'),
('66666666-6666-6666-6666-666666666607', '99999999-9999-9999-9999-999999999911'),
('66666666-6666-6666-6666-666666666608', '99999999-9999-9999-9999-999999999912'),
('66666666-6666-6666-6666-666666666609', '99999999-9999-9999-9999-999999999913'),
('66666666-6666-6666-6666-666666666610', '99999999-9999-9999-9999-999999999914');
