--Tabel USER_ACCOUNT
CREATE TABLE USER_ACCOUNT (
    user_id UUID PRIMARY KEY,
    username VARCHAR(100) UNIQUE NOT NULL,
    password VARCHAR(255) NOT NULL
);

--Tabel ROLE
CREATE TABLE ROLE (
    role_id UUID PRIMARY KEY,
    role_name VARCHAR(50) UNIQUE NOT NULL
);

--Tabel ACCOUNT_ROLE
CREATE TABLE ACCOUNT_ROLE (
    role_id UUID REFERENCES ROLE(role_id),
    user_id UUID REFERENCES USER_ACCOUNT(user_id),
    PRIMARY KEY (role_id, user_id)
);

--Tabel CUSTOMER
CREATE TABLE CUSTOMER (
    customer_id UUID PRIMARY KEY,
    full_name VARCHAR(100) NOT NULL,
    phone_number VARCHAR(20),
    user_id UUID UNIQUE NOT NULL REFERENCES USER_ACCOUNT(user_id)
);

--Tabel ORGANIZER
CREATE TABLE ORGANIZER (
    organizer_id UUID PRIMARY KEY,
    organizer_name VARCHAR(100) NOT NULL,
    contact_email VARCHAR(100),
    user_id UUID UNIQUE NOT NULL REFERENCES USER_ACCOUNT(user_id)
);

--Tabel ORDER
CREATE TABLE "ORDER" (
    order_id UUID PRIMARY KEY,
    order_date TIMESTAMP NOT NULL,
    payment_status VARCHAR(20) NOT NULL,
    total_amount NUMERIC(12,2) NOT NULL CHECK (total_amount >= 0),
    customer_id UUID NOT NULL REFERENCES CUSTOMER(customer_id)
);

--Tabel PROMOTION
CREATE TABLE PROMOTION (
    promotion_id UUID PRIMARY KEY,
    promo_code VARCHAR(50) UNIQUE NOT NULL,
    discount_type VARCHAR(20) NOT NULL CHECK (discount_type IN ('NOMINAL', 'PERCENTAGE')),
    discount_value NUMERIC(12,2) NOT NULL CHECK (discount_value > 0),
    start_date DATE NOT NULL,
    end_date DATE NOT NULL,
    usage_limit INTEGER NOT NULL CHECK (usage_limit > 0)
);

--Tabel ORDER_PROMOTION
CREATE TABLE ORDER_PROMOTION (
    order_promotion_id UUID PRIMARY KEY,
    promotion_id UUID NOT NULL REFERENCES PROMOTION(promotion_id),
    order_id UUID NOT NULL REFERENCES "ORDER"(order_id)
);



--Insert 3 ROLE
INSERT INTO ROLE (role_id, role_name) VALUES
('11111111-1111-1111-1111-111111111111', 'Administrator'),
('22222222-2222-2222-2222-222222222222', 'Organizer'),
('33333333-3333-3333-3333-333333333333', 'Customer');

--Insert 12 USER_ACCOUNT
INSERT INTO USER_ACCOUNT (user_id, username, password) VALUES
('a0000000-0000-0000-0000-000000000001', 'admin_super', 'hashpass123'),
('a0000000-0000-0000-0000-000000000002', 'admin_ops', 'hashpass123'),
('a0000000-0000-0000-0000-000000000003', 'budi_santoso', 'hashpass123'),
('a0000000-0000-0000-0000-000000000004', 'siti_rahayu', 'hashpass123'),
('a0000000-0000-0000-0000-000000000005', 'andi_wijaya', 'hashpass123'),
('a0000000-0000-0000-0000-000000000006', 'dewi_lestari', 'hashpass123'),
('a0000000-0000-0000-0000-000000000007', 'sound_rhythm', 'hashpass123'),
('a0000000-0000-0000-0000-000000000008', 'stage_masters', 'hashpass123'),
('a0000000-0000-0000-0000-000000000009', 'indie_fest', 'hashpass123'),
('a0000000-0000-0000-0000-000000000010', 'rock_nation', 'hashpass123'),
('a0000000-0000-0000-0000-000000000011', 'doni_customer', 'hashpass123'),
('a0000000-0000-0000-0000-000000000012', 'rani_customer', 'hashpass123');

--Insert 15 ACCOUNT_ROLE 
INSERT INTO ACCOUNT_ROLE (role_id, user_id) VALUES
('11111111-1111-1111-1111-111111111111', 'a0000000-0000-0000-0000-000000000001'), -- Admin 1
('11111111-1111-1111-1111-111111111111', 'a0000000-0000-0000-0000-000000000002'), -- Admin 2
('33333333-3333-3333-3333-333333333333', 'a0000000-0000-0000-0000-000000000003'), -- Cust 1
('33333333-3333-3333-3333-333333333333', 'a0000000-0000-0000-0000-000000000004'), -- Cust 2
('33333333-3333-3333-3333-333333333333', 'a0000000-0000-0000-0000-000000000005'), -- Cust 3
('33333333-3333-3333-3333-333333333333', 'a0000000-0000-0000-0000-000000000006'), -- Cust 4
('22222222-2222-2222-2222-222222222222', 'a0000000-0000-0000-0000-000000000007'), -- Org 1
('22222222-2222-2222-2222-222222222222', 'a0000000-0000-0000-0000-000000000008'), -- Org 2
('22222222-2222-2222-2222-222222222222', 'a0000000-0000-0000-0000-000000000009'), -- Org 3
('22222222-2222-2222-2222-222222222222', 'a0000000-0000-0000-0000-000000000010'), -- Org 4
('33333333-3333-3333-3333-333333333333', 'a0000000-0000-0000-0000-000000000011'), -- Cust 5
('33333333-3333-3333-3333-333333333333', 'a0000000-0000-0000-0000-000000000012'), -- Cust 6
('33333333-3333-3333-3333-333333333333', 'a0000000-0000-0000-0000-000000000007'), -- Org 1 juga sbg Cust
('33333333-3333-3333-3333-333333333333', 'a0000000-0000-0000-0000-000000000008'), -- Org 2 juga sbg Cust
('33333333-3333-3333-3333-333333333333', 'a0000000-0000-0000-0000-000000000009'); -- Org 3 juga sbg Cust

--Insert 6 CUSTOMER
INSERT INTO CUSTOMER (customer_id, full_name, phone_number, user_id) VALUES
('c0000000-0000-0000-0000-000000000001', 'Budi Santoso', '081234567890', 'a0000000-0000-0000-0000-000000000003'),
('c0000000-0000-0000-0000-000000000002', 'Siti Rahayu', '081234567891', 'a0000000-0000-0000-0000-000000000004'),
('c0000000-0000-0000-0000-000000000003', 'Andi Wijaya', '081234567892', 'a0000000-0000-0000-0000-000000000005'),
('c0000000-0000-0000-0000-000000000004', 'Dewi Lestari', '081234567893', 'a0000000-0000-0000-0000-000000000006'),
('c0000000-0000-0000-0000-000000000005', 'Doni Pratama', '081234567894', 'a0000000-0000-0000-0000-000000000011'),
('c0000000-0000-0000-0000-000000000006', 'Rani Mulyani', '081234567895', 'a0000000-0000-0000-0000-000000000012');

--Insert 4 ORGANIZER
INSERT INTO ORGANIZER (organizer_id, organizer_name, contact_email, user_id) VALUES
('o0000000-0000-0000-0000-000000000001', 'Sound Rhythm ID', 'hello@soundrhythm.com', 'a0000000-0000-0000-0000-000000000007'),
('o0000000-0000-0000-0000-000000000002', 'Stage Masters', 'contact@stagemasters.id', 'a0000000-0000-0000-0000-000000000008'),
('o0000000-0000-0000-0000-000000000003', 'Indie Fest Planner', 'info@indiefest.com', 'a0000000-0000-0000-0000-000000000009'),
('o0000000-0000-0000-0000-000000000004', 'Rock Nation Promotor', 'promotor@rocknation.com', 'a0000000-0000-0000-0000-000000000010');

-- Insert 12 ORDER 
INSERT INTO "ORDER" (order_id, order_date, payment_status, total_amount, customer_id) VALUES
('d0000000-0000-0000-0000-000000000001', '2026-04-10 14:30:00', 'Lunas', 1200000.00, 'c0000000-0000-0000-0000-000000000001'),
('d0000000-0000-0000-0000-000000000002', '2026-04-11 09:15:00', 'Lunas', 150000.00, 'c0000000-0000-0000-0000-000000000002'),
('d0000000-0000-0000-0000-000000000003', '2026-04-12 18:45:00', 'Pending', 1500000.00, 'c0000000-0000-0000-0000-000000000003'),
('d0000000-0000-0000-0000-000000000004', '2026-04-13 11:00:00', 'Dibatalkan', 700000.00, 'c0000000-0000-0000-0000-000000000004'),
('d0000000-0000-0000-0000-000000000005', '2026-04-14 10:20:00', 'Lunas', 450000.00, 'c0000000-0000-0000-0000-000000000005'),
('d0000000-0000-0000-0000-000000000006', '2026-04-15 16:10:00', 'Pending', 250000.00, 'c0000000-0000-0000-0000-000000000006'),
('d0000000-0000-0000-0000-000000000007', '2026-04-16 13:05:00', 'Lunas', 300000.00, 'c0000000-0000-0000-0000-000000000001'),
('d0000000-0000-0000-0000-000000000008', '2026-04-17 08:30:00', 'Lunas', 800000.00, 'c0000000-0000-0000-0000-000000000002'),
('d0000000-0000-0000-0000-000000000009', '2026-04-18 19:25:00', 'Pending', 2000000.00, 'c0000000-0000-0000-0000-000000000003'),
('d0000000-0000-0000-0000-000000000010', '2026-04-19 21:00:00', 'Dibatalkan', 100000.00, 'c0000000-0000-0000-0000-000000000004'),
('d0000000-0000-0000-0000-000000000011', '2026-04-20 15:40:00', 'Lunas', 350000.00, 'c0000000-0000-0000-0000-000000000005'),
('d0000000-0000-0000-0000-000000000012', '2026-04-21 12:12:00', 'Lunas', 120000.00, 'c0000000-0000-0000-0000-000000000006');

-- Insert 6 PROMOTION
INSERT INTO PROMOTION (promotion_id, promo_code, discount_type, discount_value, start_date, end_date, usage_limit) VALUES
('p0000000-0000-0000-0000-000000000001', 'TIKTAK20', 'PERCENTAGE', 20.00, '2026-01-01', '2026-12-31', 100),
('p0000000-0000-0000-0000-000000000002', 'HEMAT50K', 'NOMINAL', 50000.00, '2026-01-01', '2026-12-31', 50),
('p0000000-0000-0000-0000-000000000003', 'NEWUSER30', 'PERCENTAGE', 30.00, '2026-03-01', '2026-06-30', 200),
('p0000000-0000-0000-0000-000000000004', 'PAYDAY100K', 'NOMINAL', 100000.00, '2026-04-25', '2026-04-30', 500),
('p0000000-0000-0000-0000-000000000005', 'FASILKOM50', 'PERCENTAGE', 50.00, '2026-04-01', '2026-04-30', 100),
('p0000000-0000-0000-0000-000000000006', 'EARLYBIRD', 'NOMINAL', 25000.00, '2026-05-01', '2026-05-15', 300);

-- Insert 5 ORDER_PROMOTION
INSERT INTO ORDER_PROMOTION (order_promotion_id, promotion_id, order_id) VALUES
('op000000-0000-0000-0000-000000000001', 'p0000000-0000-0000-0000-000000000001', 'd0000000-0000-0000-0000-000000000001'),
('op000000-0000-0000-0000-000000000002', 'p0000000-0000-0000-0000-000000000002', 'd0000000-0000-0000-0000-000000000005'),
('op000000-0000-0000-0000-000000000003', 'p0000000-0000-0000-0000-000000000003', 'd0000000-0000-0000-0000-000000000007'),
('op000000-0000-0000-0000-000000000004', 'p0000000-0000-0000-0000-000000000001', 'd0000000-0000-0000-0000-000000000008'),
('op000000-0000-0000-0000-000000000005', 'p0000000-0000-0000-0000-000000000005', 'd0000000-0000-0000-0000-000000000011');

-- Tabel VENUE
CREATE TABLE VENUE (
    venue_id UUID PRIMARY KEY,
    venue_name VARCHAR(100) NOT NULL,
    capacity INT NOT NULL CHECK (capacity > 0),
    address TEXT NOT NULL,
    city VARCHAR(100) NOT NULL
);

-- Tabel EVENT
CREATE TABLE EVENT (
    event_id UUID PRIMARY KEY,
    event_time TIMESTAMP NOT NULL,
    event_title VARCHAR(200) NOT NULL,
    venue_id UUID NOT NULL REFERENCES VENUE(venue_id),
    organizer_id UUID NOT NULL REFERENCES ORGANIZER(organizer_id)
);

-- Insert 5 VENUE
INSERT INTO VENUE (venue_id, venue_name, capacity, address, city) VALUES 
('v0000000-0000-0000-0000-000000000001', 'Stadion Utama', 50000, 'Jl. Pemuda No. 1', 'Jakarta'),
('v0000000-0000-0000-0000-000000000002', 'Alun-alun Kota', 10000, 'Pusat Kota', 'Bandung'),
('v0000000-0000-0000-0000-000000000003', 'Gedung Kesenian', 500, 'Jl. Merdeka No. 10', 'Surabaya'),
('v0000000-0000-0000-0000-000000000004', 'Taman Budaya', 2000, 'Jl. Budaya No. 5', 'Yogyakarta'),
('v0000000-0000-0000-0000-000000000005', 'Hall Expo', 15000, 'Jl. Expo No. 99', 'Medan');

-- Insert 6 EVENT
INSERT INTO EVENT (event_id, event_time, event_title, venue_id, organizer_id) VALUES 
('e0000000-0000-0000-0000-000000000001', '2026-08-15 19:00:00', 'Konser Melodi Senja', 'v0000000-0000-0000-0000-000000000001', 'o0000000-0000-0000-0000-000000000001'),
('e0000000-0000-0000-0000-000000000002', '2026-09-01 10:00:00', 'Festival Kuliner Nusantara', 'v0000000-0000-0000-0000-000000000002', 'o0000000-0000-0000-0000-000000000001'),
('e0000000-0000-0000-0000-000000000003', '2026-10-10 15:00:00', 'Pentas Seni Budaya', 'v0000000-0000-0000-0000-000000000003', 'o0000000-0000-0000-0000-000000000002'),
('e0000000-0000-0000-0000-000000000004', '2026-11-20 20:00:00', 'Gempita Akhir Tahun', 'v0000000-0000-0000-0000-000000000001', 'o0000000-0000-0000-0000-000000000003'),
('e0000000-0000-0000-0000-000000000005', '2026-12-05 18:30:00', 'Symphony of The Stars', 'v0000000-0000-0000-0000-000000000004', 'o0000000-0000-0000-0000-000000000004'),
('e0000000-0000-0000-0000-000000000006', '2026-12-31 22:00:00', 'Konser Tahun Baru 2027', 'v0000000-0000-0000-0000-000000000005', 'o0000000-0000-0000-0000-000000000002');

-- Tabel TICKET_CATEGORY
CREATE TABLE TICKET_CATEGORY (
    category_id UUID PRIMARY KEY,
    category_name VARCHAR(50) NOT NULL,
    quota INTEGER NOT NULL CHECK (quota > 0),
    price NUMERIC(12,2) NOT NULL CHECK (price >= 0),
    event_id UUID NOT NULL REFERENCES EVENT(event_id)
);

-- Tabel SEAT
CREATE TABLE SEAT (
    seat_id UUID PRIMARY KEY,
    venue_id UUID NOT NULL REFERENCES VENUE(venue_id),
    section_name VARCHAR(50) NOT NULL,
    row_name VARCHAR(10) NOT NULL,
    seat_number VARCHAR(10) NOT NULL,
    CONSTRAINT unique_seat UNIQUE (venue_id, section_name, row_name, seat_number)
);

-- Tabel TICKET
CREATE TABLE TICKET (
    ticket_id UUID PRIMARY KEY,
    ticket_code VARCHAR(100) UNIQUE NOT NULL,
    order_id UUID NOT NULL REFERENCES "ORDER"(order_id),
    category_id UUID NOT NULL REFERENCES TICKET_CATEGORY(category_id)
);

-- Tabel HAS_RELATIONSHIP
CREATE TABLE HAS_RELATIONSHIP (
    ticket_id UUID REFERENCES TICKET(ticket_id),
    seat_id UUID UNIQUE REFERENCES SEAT(seat_id),
    PRIMARY KEY (ticket_id, seat_id)
);

CREATE TABLE ARTISTS (
    artist_id UUID PRIMARY KEY DEFAULT gen_random_uuid(),
    name VARCHAR(100) NOT NULL,
    genre VARCHAR(100)
);

-- Insert 4 TICKET_CATEGORY
INSERT INTO TICKET_CATEGORY (category_id, event_id, category_name, price, quota) VALUES
('tc000000-0000-0000-0000-000000000001', 'e0000000-0000-0000-0000-000000000001', 'VIP', 1500000.00, 50),
('tc000000-0000-0000-0000-000000000002', 'e0000000-0000-0000-0000-000000000001', 'Festival', 500000.00, 200),
('tc000000-0000-0000-0000-000000000003', 'e0000000-0000-0000-0000-000000000002', 'Regular', 100000.00, 1000),
('tc000000-0000-0000-0000-000000000004', 'e0000000-0000-0000-0000-000000000003', 'VVIP', 2000000.00, 20);

-- Insert 6 SEAT
INSERT INTO SEAT (seat_id, venue_id, section_name, row_name, seat_number) VALUES
('s0000000-0000-0000-0000-000000000001', 'v0000000-0000-0000-0000-000000000001', 'WVIP', 'A', '1'),
('s0000000-0000-0000-0000-000000000002', 'v0000000-0000-0000-0000-000000000001', 'WVIP', 'A', '2'),
('s0000000-0000-0000-0000-000000000003', 'v0000000-0000-0000-0000-000000000001', 'Tribune West', 'B', '10'),
('s0000000-0000-0000-0000-000000000004', 'v0000000-0000-0000-0000-000000000001', 'Tribune West', 'B', '11'),
('s0000000-0000-0000-0000-000000000005', 'v0000000-0000-0000-0000-000000000003', 'Balcony', 'C', '5'),
('s0000000-0000-0000-0000-000000000006', 'v0000000-0000-0000-0000-000000000003', 'Balcony', 'C', '6');

-- Insert 5 TICKET
INSERT INTO TICKET (ticket_id, ticket_code, order_id, category_id) VALUES
('t0000000-0000-0000-0000-000000000001', 'TKT-A01-1234', 'd0000000-0000-0000-0000-000000000001', 'tc000000-0000-0000-0000-000000000001'),
('t0000000-0000-0000-0000-000000000002', 'TKT-A01-1235', 'd0000000-0000-0000-0000-000000000001', 'tc000000-0000-0000-0000-000000000001'),
('t0000000-0000-0000-0000-000000000003', 'TKT-B02-9876', 'd0000000-0000-0000-0000-000000000002', 'tc000000-0000-0000-0000-000000000003'),
('t0000000-0000-0000-0000-000000000004', 'TKT-C03-4567', 'd0000000-0000-0000-0000-000000000005', 'tc000000-0000-0000-0000-000000000004'),
('t0000000-0000-0000-0000-000000000005', 'TKT-C03-4568', 'd0000000-0000-0000-0000-000000000005', 'tc000000-0000-0000-0000-000000000004');

-- Insert 3 HAS_RELATIONSHIP
INSERT INTO HAS_RELATIONSHIP (ticket_id, seat_id) VALUES
('t0000000-0000-0000-0000-000000000001', 's0000000-0000-0000-0000-000000000001'),
('t0000000-0000-0000-0000-000000000002', 's0000000-0000-0000-0000-000000000002'),
('t0000000-0000-0000-0000-000000000004', 's0000000-0000-0000-0000-000000000005');

-- INSERT 4 ARTISTS
INSERT INTO ARTISTS (artist_id, name, genre) VALUES
('a0000000-0000-0000-0000-000000000001', 'The Melodics', 'Indie Rock'),
('a0000000-0000-0000-0000-000000000002', 'DJ Spinna', 'Electronic'),
('a0000000-0000-0000-0000-000000000003', 'Sari Rahayu', 'Pop'),
('a0000000-0000-0000-0000-000000000004', 'Gamelan Ensemble', 'Traditional');

-- INSERT 4 TICKET_CATEGORY
INSERT INTO TICKET_CATEGORY (category_id, category_name, quota, price, event_id) VALUES 
('tc000000-0000-0000-0000-000000000001', 'VIP', 50, 1500000.00, '66666666-6666-6666-6666-666666666666'),
('tc000000-0000-0000-0000-000000000002', 'Festival', 450, 500000.00, '66666666-6666-6666-6666-666666666666'),
('tc000000-0000-0000-0000-000000000003', 'Reguler', 1000, 50000.00, '77777777-7777-7777-7777-777777777777'),
('tc000000-0000-0000-0000-000000000004', 'Early Bird', 200, 35000.00, '77777777-7777-7777-7777-777777777777');